epoch,step,train_loss_epoch,train_loss_step,val_loss
0,31,,,-18.49661636352539
0,31,16.69253921508789,,
1,49,,-53.972267150878906,
1,63,,,-82.07073974609375
1,63,-48.08743667602539,,
2,95,,,-145.70550537109375
2,95,-112.70561218261719,,
3,99,,-156.56219482421875,
3,127,,,-209.379638671875
3,127,-176.6657257080078,,
4,149,,-254.4299774169922,
4,159,,,-273.0904235839844
4,159,-241.16099548339844,,
